"disease","Counts","lower_bound","upper_bound"
"Cholera",1,-1.296,-1.282
"Cholera",1,-1.248,-1.236
"Cholera",1,-1.111,-1.1
"Cholera",1,-1.054,-1.043
"Cholera",1,-1.043,-1.031
"Cholera",3,-1.031,-1.02
"Cholera",1,-1.02,-1.008
"Cholera",2,-0.9969,-0.9855
"Cholera",1,-0.9855,-0.9741
"Cholera",1,-0.9741,-0.9628
"Cholera",1,-0.9628,-0.9514
"Cholera",1,-0.94,-0.9286
"Cholera",2,-0.9286,-0.9172
"Cholera",1,-0.9172,-0.9058
"Cholera",1,-0.9058,-0.8944
"Cholera",1,-0.883,-0.8716
"Cholera",1,-0.8602,-0.8488
"Cholera",3,-0.826,-0.8146
"Cholera",1,-0.8146,-0.8032
"Cholera",2,-0.8032,-0.7918
"Rubella",1,-0.7938,-0.7815
"Cholera",4,-0.7918,-0.7804
"Cholera",3,-0.7804,-0.769
"Cholera",3,-0.769,-0.7576
"Cholera",2,-0.7576,-0.7462
"Cholera",5,-0.7348,-0.7234
"Cholera",4,-0.7234,-0.712
"Cholera",5,-0.712,-0.7006
"Cholera",3,-0.7006,-0.6892
"Cholera",2,-0.6892,-0.6778
"Cholera",5,-0.6778,-0.6664
"Cholera",3,-0.6664,-0.655
"Cholera",3,-0.655,-0.6436
"Rubella",1,-0.6483,-0.638
"Cholera",2,-0.6436,-0.6322
"Cholera",5,-0.6322,-0.6208
"Cholera",2,-0.6208,-0.6094
"Cholera",1,-0.6094,-0.598
"Cholera",7,-0.598,-0.5866
"Cholera",4,-0.5866,-0.5753
"Cholera",6,-0.5753,-0.5639
"Rubella",1,-0.5663,-0.556
"Cholera",3,-0.5639,-0.5525
"Cholera",7,-0.5525,-0.5411
"Rubella",1,-0.5458,-0.5355
"Cholera",4,-0.5411,-0.5297
"Cholera",4,-0.5297,-0.5183
"Cholera",6,-0.5183,-0.5069
"Cholera",6,-0.5069,-0.4955
"Cholera",10,-0.4955,-0.4841
"Cholera",4,-0.4841,-0.4727
"Cholera",5,-0.4727,-0.4613
"Cholera",7,-0.4613,-0.4499
"Cholera",5,-0.4499,-0.4385
"Cholera",6,-0.4385,-0.4271
"Cholera",8,-0.4271,-0.4157
"Cholera",3,-0.4157,-0.4043
"Cholera",6,-0.4043,-0.3929
"Cholera",14,-0.3929,-0.3815
"Cholera",7,-0.3815,-0.3701
"Cholera",12,-0.3701,-0.3587
"Cholera",9,-0.3587,-0.3473
"Cholera",9,-0.3473,-0.3359
"Cholera",6,-0.3359,-0.3245
"Cholera",3,-0.3245,-0.3131
"Cholera",7,-0.3131,-0.3017
"Cholera",6,-0.3017,-0.2903
"Cholera",5,-0.2903,-0.2789
"Cholera",5,-0.2789,-0.2675
"Cholera",10,-0.2675,-0.2561
"Rubella",1,-0.2588,-0.2486
"Cholera",14,-0.2561,-0.2447
"Cholera",8,-0.2447,-0.2333
"Rubella",2,-0.2383,-0.2281
"Cholera",6,-0.2333,-0.2219
"Cholera",12,-0.2219,-0.2105
"Cholera",5,-0.2105,-0.1991
"Rubella",1,-0.2076,-0.1973
"Cholera",9,-0.1991,-0.1878
"Cholera",3,-0.1878,-0.1764
"Rubella",1,-0.1871,-0.1768
"Cholera",9,-0.1764,-0.165
"Cholera",9,-0.165,-0.1536
"Rubella",1,-0.1563,-0.1461
"Cholera",10,-0.1536,-0.1422
"Rubella",1,-0.1461,-0.1358
"Cholera",10,-0.1422,-0.1308
"Cholera",6,-0.1308,-0.1194
"Cholera",9,-0.1194,-0.108
"Cholera",6,-0.108,-0.09657
"Rubella",1,-0.1051,-0.09484
"Cholera",6,-0.09657,-0.08518
"Rubella",1,-0.09484,-0.08459
"Cholera",11,-0.08518,-0.07378
"Rubella",1,-0.08459,-0.07434
"Cholera",6,-0.07378,-0.06238
"Cholera",6,-0.06238,-0.05099
"Cholera",8,-0.05099,-0.03959
"Cholera",6,-0.03959,-0.02819
"Cholera",8,-0.02819,-0.01679
"Cholera",10,-0.01679,-0.005397
"Cholera",14,-0.005397,0.006
"Cholera",9,0.006,0.0174
"Rubella",1,0.007653,0.0179
"Cholera",6,0.0174,0.02879
"Cholera",13,0.02879,0.04019
"Cholera",5,0.04019,0.05159
"Cholera",6,0.05159,0.06299
"Cholera",12,0.06299,0.07438
"Cholera",10,0.07438,0.08578
"Cholera",10,0.08578,0.09718
"Cholera",6,0.09718,0.1086
"Cholera",10,0.1086,0.12
"Rubella",1,0.1101,0.1204
"Cholera",11,0.12,0.1314
"Cholera",8,0.1314,0.1428
"Cholera",6,0.1428,0.1542
"Cholera",11,0.1542,0.1656
"Cholera",10,0.1656,0.177
"Rubella",1,0.1716,0.1819
"Cholera",4,0.177,0.1884
"Rubella",2,0.1819,0.1921
"Cholera",11,0.1884,0.1998
"Typhoid",1,0.1995,0.2055
"Cholera",10,0.1998,0.2111
"Rubella",2,0.2024,0.2126
"Cholera",9,0.2111,0.2225
"Cholera",8,0.2225,0.2339
"Rubella",2,0.2229,0.2331
"Rubella",2,0.2331,0.2434
"Cholera",8,0.2339,0.2453
"Rubella",1,0.2434,0.2536
"Cholera",3,0.2453,0.2567
"Typhoid",1,0.2505,0.2555
"Cholera",4,0.2567,0.2681
"Rubella",3,0.2639,0.2741
"Cholera",8,0.2681,0.2795
"Rubella",2,0.2741,0.2844
"Cholera",9,0.2795,0.2909
"Rubella",3,0.2844,0.2946
"Cholera",7,0.2909,0.3023
"Rubella",5,0.2946,0.3049
"Cholera",11,0.3023,0.3137
"Rubella",3,0.3049,0.3151
"Cholera",10,0.3137,0.3251
"Rubella",1,0.3151,0.3254
"Cholera",11,0.3251,0.3365
"Rubella",2,0.3254,0.3356
"Typhoid",1,0.3304,0.3354
"Rubella",1,0.3356,0.3459
"Cholera",8,0.3365,0.3479
"Rubella",3,0.3459,0.3561
"Cholera",8,0.3479,0.3593
"Rubella",9,0.3561,0.3664
"Cholera",9,0.3593,0.3707
"Typhoid",1,0.3654,0.3704
"Rubella",4,0.3664,0.3766
"Typhoid",3,0.3704,0.3754
"Cholera",5,0.3707,0.3821
"Typhoid",1,0.3754,0.3804
"Rubella",1,0.3766,0.3869
"Typhoid",1,0.3804,0.3854
"Cholera",9,0.3821,0.3935
"Rubella",5,0.3869,0.3971
"Cholera",5,0.3935,0.4049
"Rubella",6,0.3971,0.4074
"Cholera",6,0.4049,0.4163
"Rubella",6,0.4074,0.4176
"Typhoid",1,0.4103,0.4153
"Cholera",9,0.4163,0.4277
"Rubella",5,0.4176,0.4279
"Typhoid",1,0.4203,0.4253
"Cholera",11,0.4277,0.4391
"Rubella",8,0.4279,0.4381
"Typhoid",2,0.4303,0.4353
"Rubella",3,0.4381,0.4484
"Cholera",8,0.4391,0.4505
"Typhoid",1,0.4403,0.4453
"Typhoid",1,0.4453,0.4503
"Rubella",3,0.4484,0.4586
"Cholera",4,0.4505,0.4619
"Typhoid",1,0.4553,0.4603
"COVID-19",1,0.4566,0.4584
"YF",1,0.457,0.4663
"Rubella",6,0.4586,0.4689
"Typhoid",1,0.4603,0.4653
"Cholera",9,0.4619,0.4733
"Typhoid",1,0.4653,0.4703
"COVID-19",1,0.4672,0.4686
"Rubella",8,0.4689,0.4791
"Typhoid",1,0.4703,0.4753
"Cholera",11,0.4733,0.4847
"YF",1,0.474,0.4817
"Typhoid",2,0.4753,0.4803
"COVID-19",1,0.4759,0.4774
"COVID-19",1,0.4774,0.4788
"Rubella",2,0.4791,0.4894
"Cholera",8,0.4847,0.4961
"Typhoid",1,0.4853,0.4903
"COVID-19",1,0.4861,0.4876
"Rubella",3,0.4894,0.4996
"COVID-19",1,0.492,0.4934
"COVID-19",1,0.4934,0.4949
"COVID-19",4,0.4949,0.4963
"Typhoid",2,0.4953,0.5003
"Cholera",10,0.4961,0.5075
"COVID-19",1,0.4963,0.4978
"COVID-19",1,0.4978,0.4993
"Rubella",2,0.4996,0.5099
"Typhoid",2,0.5003,0.5053
"COVID-19",1,0.5022,0.5036
"Typhoid",3,0.5053,0.5103
"COVID-19",1,0.5066,0.508
"Cholera",9,0.5075,0.5189
"COVID-19",2,0.508,0.5095
"COVID-19",3,0.5095,0.5109
"Rubella",4,0.5099,0.5201
"Typhoid",2,0.5103,0.5153
"COVID-19",2,0.5109,0.5124
"COVID-19",3,0.5124,0.5139
"COVID-19",2,0.5139,0.5153
"Typhoid",1,0.5153,0.5203
"COVID-19",2,0.5168,0.5182
"COVID-19",2,0.5182,0.5197
"Cholera",8,0.5189,0.5303
"COVID-19",1,0.5197,0.5212
"Rubella",6,0.5201,0.5304
"Typhoid",2,0.5203,0.5253
"COVID-19",2,0.5212,0.5226
"COVID-19",3,0.5226,0.5241
"Typhoid",3,0.5253,0.5303
"COVID-19",2,0.5255,0.527
"COVID-19",1,0.527,0.5285
"COVID-19",3,0.5285,0.5299
"COVID-19",1,0.5299,0.5314
"Cholera",8,0.5303,0.5417
"Typhoid",3,0.5303,0.5353
"Rubella",5,0.5304,0.5406
"COVID-19",1,0.5328,0.5343
"COVID-19",3,0.5343,0.5358
"Typhoid",3,0.5353,0.5403
"COVID-19",3,0.5358,0.5372
"COVID-19",4,0.5372,0.5387
"COVID-19",4,0.5387,0.5401
"COVID-19",2,0.5401,0.5416
"Typhoid",3,0.5403,0.5453
"Rubella",4,0.5406,0.5509
"COVID-19",7,0.5416,0.5431
"Cholera",4,0.5417,0.5531
"COVID-19",6,0.5431,0.5445
"COVID-19",4,0.5445,0.546
"Typhoid",4,0.5453,0.5503
"COVID-19",3,0.546,0.5474
"COVID-19",2,0.5474,0.5489
"COVID-19",4,0.5489,0.5504
"Typhoid",5,0.5503,0.5553
"COVID-19",4,0.5504,0.5518
"Rubella",4,0.5509,0.5611
"COVID-19",6,0.5518,0.5533
"Cholera",4,0.5531,0.5645
"COVID-19",6,0.5533,0.5547
"COVID-19",8,0.5547,0.5562
"Typhoid",6,0.5553,0.5602
"COVID-19",5,0.5562,0.5576
"COVID-19",6,0.5576,0.5591
"COVID-19",9,0.5591,0.5606
"Typhoid",5,0.5602,0.5652
"COVID-19",8,0.5606,0.562
"Rubella",6,0.5611,0.5714
"COVID-19",9,0.562,0.5635
"COVID-19",6,0.5635,0.5649
"Cholera",10,0.5645,0.5759
"COVID-19",7,0.5649,0.5664
"Typhoid",4,0.5652,0.5702
"COVID-19",7,0.5664,0.5679
"COVID-19",12,0.5679,0.5693
"COVID-19",7,0.5693,0.5708
"Typhoid",5,0.5702,0.5752
"COVID-19",13,0.5708,0.5722
"Rubella",3,0.5714,0.5816
"COVID-19",12,0.5722,0.5737
"COVID-19",14,0.5737,0.5752
"COVID-19",10,0.5752,0.5766
"Typhoid",7,0.5752,0.5802
"Cholera",5,0.5759,0.5873
"COVID-19",11,0.5766,0.5781
"COVID-19",7,0.5781,0.5795
"COVID-19",7,0.5795,0.581
"Typhoid",5,0.5802,0.5852
"COVID-19",6,0.581,0.5825
"Rubella",5,0.5816,0.5918
"COVID-19",13,0.5825,0.5839
"COVID-19",7,0.5839,0.5854
"Typhoid",5,0.5852,0.5902
"COVID-19",12,0.5854,0.5868
"COVID-19",8,0.5868,0.5883
"Cholera",7,0.5873,0.5986
"COVID-19",10,0.5883,0.5898
"COVID-19",14,0.5898,0.5912
"Typhoid",5,0.5902,0.5952
"COVID-19",11,0.5912,0.5927
"Rubella",1,0.5918,0.6021
"COVID-19",14,0.5927,0.5941
"COVID-19",15,0.5941,0.5956
"Typhoid",4,0.5952,0.6002
"COVID-19",10,0.5956,0.5971
"COVID-19",11,0.5971,0.5985
"COVID-19",12,0.5985,0.6
"Cholera",7,0.5986,0.61
"COVID-19",11,0.6,0.6014
"Typhoid",5,0.6002,0.6052
"COVID-19",12,0.6014,0.6029
"Rubella",1,0.6021,0.6123
"COVID-19",13,0.6029,0.6044
"COVID-19",21,0.6044,0.6058
"Typhoid",5,0.6052,0.6102
"COVID-19",14,0.6058,0.6073
"COVID-19",13,0.6073,0.6087
"COVID-19",13,0.6087,0.6102
"Cholera",7,0.61,0.6214
"COVID-19",12,0.6102,0.6117
"Typhoid",4,0.6102,0.6152
"COVID-19",16,0.6117,0.6131
"Rubella",5,0.6123,0.6226
"COVID-19",9,0.6131,0.6146
"YF",1,0.6134,0.6211
"COVID-19",13,0.6146,0.616
"Typhoid",2,0.6152,0.6202
"COVID-19",7,0.616,0.6175
"COVID-19",11,0.6175,0.6189
"COVID-19",13,0.6189,0.6204
"Typhoid",6,0.6202,0.6252
"COVID-19",12,0.6204,0.6219
"Cholera",9,0.6214,0.6328
"COVID-19",14,0.6219,0.6233
"Rubella",5,0.6226,0.6328
"COVID-19",14,0.6233,0.6248
"COVID-19",7,0.6248,0.6262
"Typhoid",6,0.6252,0.6302
"COVID-19",8,0.6262,0.6277
"COVID-19",9,0.6277,0.6292
"COVID-19",10,0.6292,0.6306
"Typhoid",7,0.6302,0.6352
"COVID-19",12,0.6306,0.6321
"COVID-19",12,0.6321,0.6335
"Cholera",4,0.6328,0.6442
"Rubella",6,0.6328,0.6431
"COVID-19",11,0.6335,0.635
"COVID-19",8,0.635,0.6365
"Typhoid",7,0.6352,0.6402
"COVID-19",16,0.6365,0.6379
"COVID-19",12,0.6379,0.6394
"COVID-19",8,0.6394,0.6408
"Typhoid",7,0.6402,0.6452
"COVID-19",10,0.6408,0.6423
"COVID-19",14,0.6423,0.6438
"Rubella",2,0.6431,0.6533
"COVID-19",8,0.6438,0.6452
"Cholera",3,0.6442,0.6556
"COVID-19",6,0.6452,0.6467
"Typhoid",7,0.6452,0.6502
"COVID-19",7,0.6467,0.6481
"COVID-19",10,0.6481,0.6496
"COVID-19",9,0.6496,0.6511
"Typhoid",4,0.6502,0.6552
"COVID-19",11,0.6511,0.6525
"COVID-19",9,0.6525,0.654
"Rubella",1,0.6533,0.6636
"JE",2,0.6534,0.6623
"COVID-19",9,0.654,0.6554
"Typhoid",10,0.6552,0.6602
"COVID-19",5,0.6554,0.6569
"Cholera",7,0.6556,0.667
"COVID-19",6,0.6569,0.6584
"COVID-19",3,0.6584,0.6598
"COVID-19",6,0.6598,0.6613
"Typhoid",5,0.6602,0.6652
"COVID-19",7,0.6613,0.6627
"JE",1,0.6623,0.6697
"COVID-19",3,0.6627,0.6642
"Rubella",8,0.6636,0.6738
"COVID-19",8,0.6642,0.6657
"Typhoid",4,0.6652,0.6702
"COVID-19",5,0.6657,0.6671
"Cholera",8,0.667,0.6784
"COVID-19",5,0.6671,0.6686
"COVID-19",1,0.6686,0.67
"JE",1,0.6697,0.6771
"COVID-19",7,0.67,0.6715
"Typhoid",10,0.6702,0.6752
"COVID-19",5,0.6715,0.673
"COVID-19",5,0.673,0.6744
"Rubella",4,0.6738,0.6841
"COVID-19",7,0.6744,0.6759
"Typhoid",12,0.6752,0.6802
"COVID-19",3,0.6759,0.6773
"JE",2,0.6771,0.6845
"COVID-19",6,0.6773,0.6788
"Cholera",5,0.6784,0.6898
"COVID-19",5,0.6788,0.6802
"COVID-19",4,0.6802,0.6817
"Typhoid",13,0.6802,0.6852
"COVID-19",9,0.6817,0.6832
"COVID-19",5,0.6832,0.6846
"Rubella",2,0.6841,0.6943
"COVID-19",4,0.6846,0.6861
"Typhoid",10,0.6852,0.6902
"COVID-19",4,0.6861,0.6875
"COVID-19",4,0.6875,0.689
"COVID-19",2,0.689,0.6905
"Cholera",4,0.6898,0.7012
"Typhoid",11,0.6902,0.6952
"COVID-19",3,0.6905,0.6919
"YF",1,0.6908,0.6986
"JE",1,0.6918,0.6992
"COVID-19",6,0.6919,0.6934
"COVID-19",3,0.6934,0.6948
"Rubella",3,0.6943,0.7046
"COVID-19",4,0.6948,0.6963
"Typhoid",7,0.6952,0.7002
"COVID-19",3,0.6963,0.6978
"COVID-19",4,0.6978,0.6992
"YF",1,0.6986,0.7063
"COVID-19",4,0.6992,0.7007
"JE",1,0.6992,0.7066
"Typhoid",9,0.7002,0.7052
"Cholera",2,0.7012,0.7126
"COVID-19",5,0.7036,0.7051
"Rubella",4,0.7046,0.7148
"COVID-19",2,0.7051,0.7065
"Typhoid",17,0.7052,0.7101
"COVID-19",2,0.708,0.7094
"COVID-19",1,0.7094,0.7109
"Typhoid",9,0.7101,0.7151
"COVID-19",3,0.7109,0.7124
"COVID-19",2,0.7124,0.7138
"Cholera",3,0.7126,0.724
"COVID-19",2,0.7138,0.7153
"JE",1,0.714,0.7214
"Rubella",3,0.7148,0.7251
"Typhoid",12,0.7151,0.7201
"COVID-19",1,0.7153,0.7167
"COVID-19",1,0.7167,0.7182
"COVID-19",1,0.7197,0.7211
"Typhoid",15,0.7201,0.7251
"COVID-19",1,0.7211,0.7226
"JE",1,0.7214,0.7288
"YF",1,0.7218,0.7296
"Cholera",7,0.724,0.7354
"Rubella",5,0.7251,0.7353
"Typhoid",9,0.7251,0.7301
"COVID-19",1,0.7255,0.727
"COVID-19",1,0.727,0.7284
"JE",2,0.7288,0.7362
"Typhoid",8,0.7301,0.7351
"Typhoid",9,0.7351,0.7401
"Rubella",3,0.7353,0.7456
"Cholera",9,0.7354,0.7468
"JE",2,0.7362,0.7436
"COVID-19",2,0.7372,0.7386
"Typhoid",13,0.7401,0.7451
"Typhoid",14,0.7451,0.7501
"YF",1,0.7451,0.7528
"Rubella",9,0.7456,0.7558
"Cholera",6,0.7468,0.7582
"COVID-19",1,0.7474,0.7491
"Typhoid",16,0.7501,0.7551
"JE",2,0.751,0.7584
"Typhoid",15,0.7551,0.7601
"Rubella",8,0.7558,0.7661
"Cholera",4,0.7582,0.7696
"JE",2,0.7584,0.7658
"Typhoid",16,0.7601,0.7651
"Typhoid",16,0.7651,0.7701
"JE",1,0.7658,0.7731
"Rubella",6,0.7661,0.7763
"YF",1,0.7683,0.776
"Cholera",4,0.7696,0.781
"Typhoid",20,0.7701,0.7751
"Typhoid",18,0.7751,0.7801
"Rubella",14,0.7763,0.7866
"Typhoid",20,0.7801,0.7851
"JE",2,0.7805,0.7879
"Cholera",6,0.781,0.7924
"YF",1,0.7838,0.7915
"Typhoid",10,0.7851,0.7901
"Rubella",10,0.7866,0.7968
"JE",2,0.7879,0.7953
"Typhoid",12,0.7901,0.7951
"Cholera",5,0.7924,0.8038
"Typhoid",16,0.7951,0.8001
"JE",1,0.7953,0.8027
"Rubella",14,0.7968,0.8071
"YF",3,0.7993,0.807
"Typhoid",13,0.8001,0.8051
"JE",2,0.8027,0.8101
"Typhoid",14,0.8051,0.8101
"Rubella",11,0.8071,0.8173
"JE",3,0.8101,0.8175
"Typhoid",12,0.8101,0.8151
"YF",1,0.8148,0.8225
"Typhoid",14,0.8151,0.8201
"Cholera",1,0.8152,0.8266
"Rubella",21,0.8173,0.8276
"JE",2,0.8175,0.8249
"Typhoid",11,0.8201,0.8251
"YF",1,0.8225,0.8302
"JE",4,0.8249,0.8323
"Typhoid",16,0.8251,0.8301
"Cholera",3,0.8266,0.838
"Rubella",13,0.8276,0.8378
"Typhoid",15,0.8301,0.8351
"JE",6,0.8323,0.8397
"Typhoid",14,0.8351,0.8401
"Rubella",17,0.8378,0.8481
"Cholera",2,0.838,0.8494
"YF",2,0.838,0.8457
"JE",1,0.8397,0.8471
"Typhoid",12,0.8401,0.8451
"Typhoid",20,0.8451,0.8501
"YF",2,0.8457,0.8535
"JE",4,0.8471,0.8544
"Rubella",35,0.8481,0.8583
"Cholera",3,0.8494,0.8608
"Typhoid",15,0.8501,0.8551
"YF",2,0.8535,0.8612
"JE",5,0.8544,0.8618
"Typhoid",13,0.8551,0.86
"Rubella",19,0.8583,0.8686
"Typhoid",13,0.86,0.865
"Cholera",1,0.8608,0.8722
"JE",1,0.8618,0.8692
"Typhoid",11,0.865,0.87
"Rubella",28,0.8686,0.8788
"YF",2,0.869,0.8767
"JE",5,0.8692,0.8766
"Typhoid",11,0.87,0.875
"Cholera",1,0.8722,0.8836
"Typhoid",8,0.875,0.88
"JE",5,0.8766,0.884
"YF",1,0.8767,0.8845
"Rubella",18,0.8788,0.8891
"Typhoid",17,0.88,0.885
"Cholera",2,0.8836,0.895
"JE",2,0.884,0.8914
"YF",1,0.8845,0.8922
"Typhoid",13,0.885,0.89
"Rubella",32,0.8891,0.8993
"Typhoid",10,0.89,0.895
"JE",7,0.8914,0.8988
"YF",4,0.8922,0.8999
"Typhoid",9,0.895,0.9
"JE",2,0.8988,0.9062
"Rubella",34,0.8993,0.9096
"YF",2,0.8999,0.9077
"Typhoid",6,0.9,0.905
"Typhoid",8,0.905,0.91
"JE",3,0.9062,0.9136
"Cholera",1,0.9064,0.9178
"YF",3,0.9077,0.9154
"Rubella",30,0.9096,0.9198
"Typhoid",15,0.91,0.915
"JE",5,0.9136,0.921
"Typhoid",9,0.915,0.92
"YF",2,0.9154,0.9232
"Rubella",31,0.9198,0.9301
"Typhoid",8,0.92,0.925
"JE",7,0.921,0.9283
"Typhoid",8,0.925,0.93
"JE",5,0.9283,0.9357
"Typhoid",10,0.93,0.935
"Rubella",29,0.9301,0.9403
"YF",2,0.9309,0.9387
"Typhoid",6,0.935,0.94
"JE",4,0.9357,0.9431
"YF",3,0.9387,0.9464
"Typhoid",7,0.94,0.945
"Rubella",26,0.9403,0.9506
"JE",1,0.9431,0.9505
"Typhoid",7,0.945,0.95
"YF",2,0.9464,0.9542
"Typhoid",5,0.95,0.955
"JE",3,0.9505,0.9579
"Rubella",28,0.9506,0.9608
"YF",1,0.9542,0.9619
"Typhoid",4,0.955,0.96
"JE",8,0.9579,0.9653
"Typhoid",10,0.96,0.965
"Rubella",37,0.9608,0.9711
"YF",3,0.9619,0.9696
"Typhoid",3,0.965,0.97
"JE",4,0.9653,0.9727
"Typhoid",13,0.97,0.975
"Rubella",29,0.9711,0.9813
"JE",2,0.9727,0.9801
"Cholera",1,0.9748,0.9884
"Typhoid",9,0.975,0.98
"YF",5,0.9774,0.9851
"Typhoid",5,0.98,0.985
"JE",4,0.9801,0.9875
"Rubella",19,0.9813,0.9916
"Typhoid",3,0.985,0.99
"YF",2,0.9851,0.9929
"JE",4,0.9875,0.9949
"Typhoid",9,0.99,0.995
"Rubella",26,0.9916,1.002
"YF",5,0.9929,1.001
"JE",4,0.9949,1.002
"Typhoid",5,0.995,1
"Typhoid",4,1,1.005
"YF",4,1.001,1.008
"JE",5,1.002,1.01
"Rubella",19,1.002,1.012
"Typhoid",7,1.005,1.01
"YF",2,1.008,1.016
"JE",7,1.01,1.017
"Typhoid",1,1.01,1.015
"Rubella",18,1.012,1.022
"Typhoid",1,1.015,1.02
"YF",8,1.016,1.024
"JE",7,1.017,1.024
"Typhoid",2,1.02,1.025
"Rubella",22,1.022,1.033
"JE",8,1.024,1.032
"YF",5,1.024,1.032
"Typhoid",2,1.025,1.03
"Typhoid",7,1.03,1.035
"JE",7,1.032,1.039
"YF",6,1.032,1.039
"Rubella",23,1.033,1.043
"Typhoid",5,1.035,1.04
"JE",6,1.039,1.047
"YF",12,1.039,1.047
"Typhoid",7,1.04,1.045
"Rubella",22,1.043,1.053
"Typhoid",1,1.045,1.05
"JE",5,1.047,1.054
"YF",5,1.047,1.055
"Typhoid",3,1.05,1.055
"Rubella",18,1.053,1.063
"JE",2,1.054,1.061
"Typhoid",1,1.055,1.06
"YF",11,1.055,1.063
"Typhoid",3,1.06,1.065
"JE",5,1.061,1.069
"Rubella",13,1.063,1.074
"YF",1,1.063,1.07
"Typhoid",3,1.065,1.07
"JE",8,1.069,1.076
"Typhoid",1,1.07,1.075
"YF",2,1.07,1.078
"Rubella",12,1.074,1.084
"Typhoid",1,1.075,1.08
"JE",6,1.076,1.084
"YF",7,1.078,1.086
"Typhoid",4,1.08,1.085
"JE",6,1.084,1.091
"Rubella",17,1.084,1.094
"Typhoid",3,1.085,1.09
"YF",6,1.086,1.094
"Typhoid",2,1.09,1.095
"JE",5,1.091,1.098
"Rubella",13,1.094,1.104
"YF",4,1.094,1.101
"Typhoid",1,1.095,1.1
"JE",9,1.098,1.106
"YF",6,1.101,1.109
"Rubella",10,1.104,1.115
"JE",5,1.106,1.113
"YF",4,1.109,1.117
"Rota",1,1.111,1.116
"JE",5,1.113,1.121
"Rubella",14,1.115,1.125
"Typhoid",1,1.115,1.12
"YF",5,1.117,1.125
"Typhoid",1,1.12,1.125
"JE",7,1.121,1.128
"Rubella",9,1.125,1.135
"Typhoid",2,1.125,1.13
"YF",8,1.125,1.132
"Rota",1,1.126,1.13
"JE",12,1.128,1.135
"YF",5,1.132,1.14
"JE",6,1.135,1.143
"Rubella",12,1.135,1.145
"Typhoid",1,1.135,1.14
"Typhoid",1,1.14,1.145
"YF",4,1.14,1.148
"JE",5,1.143,1.15
"Rubella",7,1.145,1.156
"Typhoid",1,1.145,1.15
"Rota",1,1.148,1.152
"YF",9,1.148,1.156
"JE",4,1.15,1.157
"Rota",1,1.152,1.155
"Rota",1,1.155,1.159
"Typhoid",1,1.155,1.16
"Rubella",3,1.156,1.166
"YF",7,1.156,1.163
"JE",6,1.157,1.165
"Typhoid",2,1.16,1.165
"YF",7,1.163,1.171
"JE",7,1.165,1.172
"Rota",2,1.166,1.17
"Rubella",3,1.166,1.176
"Rota",2,1.17,1.173
"YF",11,1.171,1.179
"JE",2,1.172,1.18
"Rota",3,1.173,1.177
"Rubella",7,1.176,1.186
"Rota",3,1.177,1.18
"YF",7,1.179,1.186
"JE",6,1.18,1.187
"Rota",2,1.18,1.184
"Typhoid",1,1.18,1.185
"Rota",6,1.184,1.188
"YF",10,1.186,1.194
"JE",6,1.187,1.194
"Rota",5,1.188,1.191
"Rota",3,1.191,1.195
"JE",5,1.194,1.202
"YF",4,1.194,1.202
"Rota",3,1.195,1.198
"Typhoid",2,1.195,1.201
"Rota",5,1.198,1.202
"JE",3,1.202,1.209
"Rota",6,1.202,1.206
"YF",10,1.202,1.21
"Rota",1,1.206,1.209
"Rubella",1,1.207,1.217
"JE",8,1.209,1.217
"Rota",4,1.209,1.213
"YF",10,1.21,1.217
"Rota",7,1.213,1.216
"Rota",4,1.216,1.22
"JE",6,1.217,1.224
"Rubella",1,1.217,1.227
"YF",9,1.217,1.225
"Rota",8,1.22,1.224
"JE",2,1.224,1.231
"Rota",8,1.224,1.227
"YF",8,1.225,1.233
"Rota",4,1.227,1.231
"JE",16,1.231,1.239
"Rota",6,1.231,1.234
"YF",16,1.233,1.241
"Rota",11,1.234,1.238
"Rota",9,1.238,1.242
"Rubella",1,1.238,1.248
"JE",7,1.239,1.246
"YF",8,1.241,1.248
"Rota",8,1.242,1.245
"Rota",6,1.245,1.249
"JE",7,1.246,1.254
"Rubella",1,1.248,1.26
"YF",10,1.248,1.256
"Rota",7,1.249,1.252
"Rota",6,1.252,1.256
"JE",10,1.254,1.261
"Rota",7,1.256,1.26
"YF",12,1.256,1.264
"Rota",10,1.26,1.263
"JE",6,1.261,1.268
"Rota",5,1.263,1.267
"YF",14,1.264,1.272
"Rota",6,1.267,1.27
"JE",5,1.268,1.276
"Rota",6,1.27,1.274
"YF",11,1.272,1.279
"Rota",9,1.274,1.278
"JE",3,1.276,1.283
"Rota",2,1.278,1.281
"YF",10,1.279,1.287
"Rota",6,1.281,1.285
"JE",10,1.283,1.29
"Rota",7,1.285,1.288
"YF",16,1.287,1.295
"Rota",2,1.288,1.292
"JE",8,1.29,1.298
"Rota",7,1.292,1.296
"YF",16,1.295,1.303
"Rota",3,1.296,1.299
"JE",3,1.298,1.305
"Rota",4,1.299,1.303
"Rota",7,1.303,1.306
"YF",14,1.303,1.31
"JE",4,1.305,1.313
"Rota",6,1.306,1.31
"YF",12,1.31,1.318
"JE",4,1.313,1.32
"Rota",8,1.314,1.317
"Rota",5,1.317,1.321
"YF",14,1.318,1.326
"JE",6,1.32,1.327
"Rota",5,1.321,1.324
"Rota",5,1.324,1.328
"YF",13,1.326,1.334
"JE",4,1.327,1.335
"Rota",3,1.328,1.332
"Rota",4,1.332,1.335
"YF",8,1.334,1.341
"JE",4,1.335,1.342
"Rota",5,1.335,1.339
"Rota",4,1.339,1.342
"YF",9,1.341,1.349
"JE",6,1.342,1.35
"Rota",3,1.342,1.346
"Rota",5,1.346,1.35
"YF",14,1.349,1.357
"JE",5,1.35,1.357
"Rota",7,1.35,1.353
"Rota",6,1.353,1.357
"JE",4,1.357,1.364
"Rota",6,1.357,1.36
"YF",9,1.357,1.365
"Rota",6,1.36,1.364
"JE",4,1.364,1.372
"Rota",2,1.364,1.368
"YF",11,1.365,1.372
"Rota",13,1.368,1.371
"Rota",5,1.371,1.375
"JE",10,1.372,1.379
"YF",13,1.372,1.38
"Rota",7,1.375,1.378
"Rota",10,1.378,1.382
"JE",5,1.379,1.387
"YF",12,1.38,1.388
"Rota",13,1.382,1.386
"Rota",9,1.386,1.389
"JE",5,1.387,1.394
"YF",11,1.388,1.396
"Rota",4,1.389,1.393
"Rota",10,1.393,1.396
"JE",8,1.394,1.401
"Rota",5,1.396,1.4
"YF",11,1.396,1.403
"Rota",14,1.4,1.404
"JE",3,1.401,1.409
"YF",19,1.403,1.411
"Rota",10,1.404,1.407
"Rota",9,1.407,1.411
"JE",6,1.409,1.416
"Rota",10,1.411,1.414
"YF",11,1.411,1.419
"Rota",14,1.414,1.418
"JE",4,1.416,1.424
"Rota",16,1.418,1.422
"YF",9,1.419,1.427
"Rota",14,1.422,1.425
"JE",4,1.424,1.431
"Rota",10,1.425,1.429
"YF",14,1.427,1.434
"Rota",15,1.429,1.432
"JE",7,1.431,1.438
"Rota",10,1.432,1.436
"YF",14,1.434,1.442
"Rota",8,1.436,1.44
"JE",3,1.438,1.446
"Rota",11,1.44,1.443
"YF",15,1.442,1.45
"Rota",11,1.443,1.447
"JE",3,1.446,1.453
"Rota",17,1.447,1.451
"YF",14,1.45,1.458
"Rota",10,1.451,1.454
"JE",5,1.453,1.46
"Rota",10,1.454,1.458
"Rota",12,1.458,1.461
"YF",11,1.458,1.465
"Rota",10,1.461,1.465
"Rota",15,1.465,1.469
"YF",15,1.465,1.473
"JE",8,1.468,1.475
"Rota",10,1.469,1.472
"Rota",11,1.472,1.476
"YF",13,1.473,1.481
"JE",5,1.475,1.483
"Rota",8,1.476,1.479
"Rota",7,1.479,1.483
"YF",18,1.481,1.489
"JE",6,1.483,1.49
"Rota",8,1.483,1.487
"Rota",4,1.487,1.49
"YF",13,1.489,1.496
"JE",5,1.49,1.497
"Rota",5,1.49,1.494
"PCV",1,1.491,1.495
"Rota",9,1.494,1.497
"YF",9,1.496,1.504
"JE",3,1.497,1.505
"Rota",9,1.497,1.501
"Meningitis",2,1.498,1.499
"PCV",1,1.501,1.504
"Rota",5,1.501,1.505
"PCV",1,1.504,1.507
"YF",13,1.504,1.512
"JE",2,1.505,1.512
"Rota",9,1.505,1.508
"Rota",6,1.508,1.512
"PCV",1,1.51,1.514
"JE",7,1.512,1.52
"Rota",5,1.512,1.515
"YF",17,1.512,1.52
"Meningitis",1,1.513,1.514
"PCV",1,1.514,1.517
"Rota",9,1.515,1.519
"PCV",1,1.517,1.52
"Rota",2,1.519,1.523
"JE",10,1.52,1.527
"YF",11,1.52,1.527
"Meningitis",2,1.521,1.523
"Rota",4,1.523,1.526
"Meningitis",1,1.526,1.527
"Rota",5,1.526,1.53
"JE",3,1.527,1.534
"YF",8,1.527,1.535
"Meningitis",1,1.528,1.53
"Meningitis",1,1.53,1.531
"PCV",2,1.53,1.533
"Rota",3,1.53,1.533
"Meningitis",1,1.533,1.534
"PCV",1,1.533,1.536
"Rota",4,1.533,1.537
"JE",5,1.534,1.542
"Meningitis",1,1.534,1.535
"Meningitis",2,1.535,1.537
"YF",8,1.535,1.543
"PCV",2,1.536,1.539
"Meningitis",2,1.537,1.538
"Rota",8,1.537,1.541
"Meningitis",2,1.538,1.539
"Meningitis",1,1.54,1.541
"Meningitis",3,1.541,1.542
"Rota",6,1.541,1.544
"JE",5,1.542,1.549
"Meningitis",1,1.542,1.544
"YF",5,1.543,1.55
"Meningitis",1,1.544,1.545
"Rota",8,1.544,1.548
"Meningitis",3,1.545,1.546
"Meningitis",1,1.546,1.547
"Meningitis",1,1.547,1.548
"Meningitis",3,1.548,1.549
"Rota",7,1.548,1.551
"JE",11,1.549,1.557
"Meningitis",1,1.549,1.551
"YF",10,1.55,1.558
"Meningitis",1,1.551,1.552
"Rota",4,1.551,1.555
"Meningitis",1,1.552,1.553
"Meningitis",1,1.553,1.554
"Meningitis",2,1.554,1.555
"Meningitis",2,1.555,1.556
"PCV",1,1.555,1.558
"Rota",13,1.555,1.559
"Meningitis",4,1.556,1.558
"JE",7,1.557,1.564
"Meningitis",4,1.558,1.559
"PCV",2,1.558,1.561
"YF",6,1.558,1.566
"Meningitis",3,1.559,1.56
"Rota",14,1.559,1.562
"Meningitis",3,1.56,1.561
"Meningitis",2,1.561,1.562
"PCV",3,1.561,1.564
"Meningitis",6,1.562,1.563
"Rota",7,1.562,1.566
"JE",8,1.564,1.571
"PCV",4,1.564,1.568
"Meningitis",1,1.565,1.566
"Meningitis",3,1.566,1.567
"Rota",5,1.566,1.569
"YF",11,1.566,1.574
"Meningitis",5,1.567,1.568
"Meningitis",5,1.568,1.569
"PCV",1,1.568,1.571
"Meningitis",4,1.569,1.57
"Rota",6,1.569,1.573
"Meningitis",4,1.57,1.571
"JE",6,1.571,1.579
"Meningitis",5,1.571,1.573
"PCV",2,1.571,1.574
"Meningitis",5,1.573,1.574
"Rota",7,1.573,1.577
"Meningitis",7,1.574,1.575
"YF",12,1.574,1.581
"Meningitis",7,1.575,1.576
"Meningitis",9,1.576,1.577
"Meningitis",14,1.577,1.578
"PCV",2,1.577,1.58
"Rota",6,1.577,1.58
"Meningitis",5,1.578,1.58
"JE",3,1.579,1.586
"Meningitis",2,1.58,1.581
"PCV",1,1.58,1.584
"Rota",12,1.58,1.584
"Meningitis",4,1.581,1.582
"YF",13,1.581,1.589
"Meningitis",6,1.582,1.583
"Meningitis",4,1.583,1.584
"Meningitis",10,1.584,1.585
"Rota",8,1.584,1.587
"Meningitis",9,1.585,1.587
"JE",10,1.586,1.594
"Meningitis",12,1.587,1.588
"Rota",6,1.587,1.591
"Meningitis",6,1.588,1.589
"Meningitis",7,1.589,1.59
"YF",5,1.589,1.597
"Meningitis",7,1.59,1.591
"PCV",2,1.59,1.593
"Meningitis",15,1.591,1.592
"Rota",7,1.591,1.595
"Meningitis",13,1.592,1.594
"PCV",3,1.593,1.596
"JE",8,1.594,1.601
"Meningitis",8,1.594,1.595
"Meningitis",15,1.595,1.596
"Rota",4,1.595,1.598
"Meningitis",6,1.596,1.597
"PCV",2,1.596,1.599
"Meningitis",9,1.597,1.598
"YF",6,1.597,1.605
"Meningitis",12,1.598,1.599
"Rota",1,1.598,1.602
"Meningitis",12,1.599,1.601
"PCV",1,1.599,1.603
"JE",11,1.601,1.608
"Meningitis",16,1.601,1.602
"Meningitis",13,1.602,1.603
"Rota",4,1.602,1.605
"Meningitis",16,1.603,1.604
"PCV",5,1.603,1.606
"Meningitis",15,1.604,1.605
"Meningitis",13,1.605,1.606
"Rota",3,1.605,1.609
"YF",13,1.605,1.612
"Meningitis",11,1.606,1.608
"PCV",2,1.606,1.609
"JE",6,1.608,1.616
"Meningitis",12,1.608,1.609
"Meningitis",9,1.609,1.61
"PCV",1,1.609,1.612
"Rota",5,1.609,1.613
"Meningitis",14,1.61,1.611
"Meningitis",11,1.611,1.612
"Meningitis",6,1.612,1.613
"PCV",3,1.612,1.615
"YF",6,1.612,1.62
"Meningitis",13,1.613,1.615
"Rota",3,1.613,1.616
"Meningitis",10,1.615,1.616
"PCV",4,1.615,1.618
"JE",7,1.616,1.623
"Meningitis",10,1.616,1.617
"Rota",6,1.616,1.62
"Meningitis",13,1.617,1.618
"Meningitis",16,1.618,1.619
"PCV",6,1.618,1.622
"Meningitis",13,1.619,1.62
"Meningitis",12,1.62,1.622
"Rota",6,1.62,1.623
"YF",4,1.62,1.628
"Meningitis",20,1.622,1.623
"PCV",3,1.622,1.625
"JE",9,1.623,1.63
"Meningitis",6,1.623,1.624
"Rota",4,1.623,1.627
"Meningitis",14,1.624,1.625
"Meningitis",18,1.625,1.626
"PCV",3,1.625,1.628
"Meningitis",11,1.626,1.627
"Meningitis",11,1.627,1.628
"Rota",9,1.627,1.631
"Meningitis",9,1.628,1.63
"PCV",6,1.628,1.631
"YF",4,1.628,1.636
"JE",8,1.63,1.638
"Meningitis",9,1.63,1.631
"Meningitis",15,1.631,1.632
"PCV",9,1.631,1.634
"Rota",7,1.631,1.634
"Meningitis",14,1.632,1.633
"Meningitis",5,1.633,1.634
"Meningitis",10,1.634,1.635
"PCV",9,1.634,1.638
"Rota",4,1.634,1.638
"Meningitis",13,1.635,1.637
"YF",4,1.636,1.643
"Meningitis",9,1.637,1.638
"JE",9,1.638,1.645
"Meningitis",11,1.638,1.639
"PCV",2,1.638,1.641
"Rota",3,1.638,1.641
"Meningitis",3,1.639,1.64
"Meningitis",13,1.64,1.641
"Meningitis",21,1.641,1.642
"PCV",7,1.641,1.644
"Rota",9,1.641,1.645
"Meningitis",14,1.642,1.644
"YF",8,1.643,1.651
"Meningitis",12,1.644,1.645
"PCV",4,1.644,1.647
"JE",5,1.645,1.653
"Meningitis",14,1.645,1.646
"Rota",4,1.645,1.649
"Meningitis",16,1.646,1.647
"Meningitis",6,1.647,1.648
"PCV",8,1.647,1.65
"Meningitis",8,1.648,1.649
"Meningitis",7,1.649,1.651
"Rota",7,1.649,1.652
"PCV",6,1.65,1.653
"Meningitis",16,1.651,1.652
"YF",4,1.651,1.659
"Meningitis",3,1.652,1.653
"Rota",5,1.652,1.656
"JE",8,1.653,1.66
"Meningitis",7,1.653,1.654
"PCV",5,1.653,1.657
"Meningitis",8,1.654,1.655
"Meningitis",9,1.655,1.656
"Meningitis",13,1.656,1.658
"Rota",3,1.656,1.659
"PCV",13,1.657,1.66
"Meningitis",6,1.658,1.659
"Meningitis",8,1.659,1.66
"Rota",5,1.659,1.663
"YF",7,1.659,1.667
"JE",4,1.66,1.667
"Meningitis",10,1.66,1.661
"PCV",3,1.66,1.663
"Meningitis",6,1.661,1.662
"Meningitis",6,1.662,1.663
"Meningitis",5,1.663,1.665
"PCV",6,1.663,1.666
"Rota",1,1.663,1.667
"Meningitis",9,1.665,1.666
"Meningitis",4,1.666,1.667
"PCV",8,1.666,1.669
"JE",4,1.667,1.675
"Meningitis",2,1.667,1.668
"Rota",3,1.667,1.67
"YF",13,1.667,1.674
"Meningitis",9,1.668,1.669
"Meningitis",6,1.669,1.67
"PCV",8,1.669,1.672
"Meningitis",6,1.67,1.672
"Rota",1,1.67,1.674
"Meningitis",4,1.672,1.673
"PCV",8,1.672,1.676
"Meningitis",2,1.673,1.674
"Meningitis",3,1.674,1.675
"Rota",2,1.674,1.677
"YF",7,1.674,1.682
"JE",4,1.675,1.682
"Meningitis",3,1.675,1.676
"Meningitis",5,1.676,1.677
"PCV",8,1.676,1.679
"Meningitis",3,1.677,1.679
"Rota",2,1.677,1.681
"Meningitis",3,1.679,1.68
"PCV",7,1.679,1.682
"Meningitis",3,1.68,1.681
"Meningitis",5,1.681,1.682
"Rota",3,1.681,1.685
"JE",6,1.682,1.69
"Meningitis",4,1.682,1.683
"PCV",11,1.682,1.685
"YF",7,1.682,1.69
"Meningitis",3,1.683,1.684
"Meningitis",1,1.684,1.685
"Meningitis",3,1.685,1.687
"PCV",7,1.685,1.688
"Rota",5,1.685,1.688
"Meningitis",1,1.687,1.688
"Meningitis",3,1.688,1.689
"PCV",9,1.688,1.692
"Rota",3,1.688,1.692
"Meningitis",2,1.689,1.69
"JE",1,1.69,1.697
"Meningitis",3,1.69,1.691
"YF",6,1.69,1.698
"Meningitis",1,1.691,1.692
"Meningitis",1,1.692,1.694
"PCV",7,1.692,1.695
"Rota",1,1.692,1.695
"Meningitis",1,1.694,1.695
"Meningitis",2,1.695,1.696
"PCV",8,1.695,1.698
"Rota",1,1.695,1.699
"JE",3,1.697,1.704
"Meningitis",2,1.697,1.698
"PCV",12,1.698,1.701
"YF",4,1.698,1.705
"Meningitis",2,1.699,1.701
"Rota",1,1.699,1.703
"PCV",5,1.701,1.704
"Meningitis",1,1.702,1.703
"Rota",6,1.703,1.706
"JE",3,1.704,1.712
"PCV",7,1.704,1.707
"YF",6,1.705,1.713
"Rota",1,1.706,1.71
"PCV",5,1.707,1.711
"Meningitis",1,1.709,1.71
"Rota",3,1.71,1.713
"PCV",8,1.711,1.714
"JE",5,1.712,1.719
"Rota",1,1.713,1.717
"YF",10,1.713,1.721
"PCV",6,1.714,1.717
"PCV",12,1.717,1.72
"Rota",1,1.717,1.721
"JE",5,1.719,1.727
"Meningitis",1,1.72,1.722
"PCV",17,1.72,1.723
"Rota",2,1.721,1.724
"YF",7,1.721,1.729
"PCV",13,1.723,1.727
"Rota",1,1.724,1.728
"JE",4,1.727,1.734
"PCV",6,1.727,1.73
"Rota",1,1.728,1.731
"YF",4,1.729,1.736
"Meningitis",1,1.73,1.731
"PCV",12,1.73,1.733
"PCV",9,1.733,1.736
"JE",3,1.734,1.741
"Rota",2,1.735,1.739
"PCV",12,1.736,1.739
"YF",2,1.736,1.744
"PCV",13,1.739,1.742
"Rota",2,1.739,1.742
"JE",3,1.741,1.749
"PCV",6,1.742,1.746
"Rota",1,1.742,1.746
"YF",3,1.744,1.752
"PCV",6,1.746,1.749
"Rota",2,1.746,1.749
"JE",8,1.749,1.756
"PCV",15,1.749,1.752
"Rota",1,1.749,1.753
"PCV",15,1.752,1.755
"YF",6,1.752,1.76
"Rota",1,1.753,1.757
"PCV",9,1.755,1.758
"JE",6,1.756,1.763
"PCV",6,1.758,1.761
"YF",3,1.76,1.767
"PCV",23,1.761,1.765
"JE",2,1.763,1.771
"Rota",2,1.764,1.767
"PCV",10,1.765,1.768
"YF",8,1.767,1.775
"PCV",9,1.768,1.771
"JE",11,1.771,1.778
"PCV",14,1.771,1.774
"Rota",1,1.771,1.775
"PCV",7,1.774,1.777
"Rota",1,1.775,1.778
"YF",3,1.775,1.783
"PCV",9,1.777,1.781
"JE",6,1.778,1.786
"Rota",1,1.778,1.782
"PCV",12,1.781,1.784
"YF",4,1.783,1.791
"PCV",8,1.784,1.787
"Rota",1,1.785,1.789
"JE",6,1.786,1.793
"PCV",24,1.787,1.79
"PCV",10,1.79,1.793
"YF",5,1.791,1.798
"JE",9,1.793,1.8
"PCV",13,1.793,1.796
"Rota",2,1.793,1.796
"PCV",9,1.796,1.8
"Rota",3,1.796,1.8
"YF",2,1.798,1.806
"JE",8,1.8,1.808
"PCV",5,1.8,1.803
"PCV",6,1.803,1.806
"Rota",2,1.803,1.807
"PCV",4,1.806,1.809
"YF",3,1.806,1.814
"JE",5,1.808,1.815
"PCV",10,1.809,1.812
"Hib",1,1.81,1.813
"PCV",12,1.812,1.815
"YF",2,1.814,1.822
"JE",5,1.815,1.823
"PCV",4,1.815,1.819
"PCV",10,1.819,1.822
"Rota",1,1.821,1.825
"PCV",14,1.822,1.825
"YF",4,1.822,1.829
"JE",3,1.823,1.83
"PCV",5,1.825,1.828
"Hib",1,1.828,1.83
"PCV",13,1.828,1.831
"Rota",2,1.829,1.833
"JE",4,1.83,1.837
"PCV",8,1.831,1.835
"PCV",6,1.835,1.838
"JE",4,1.837,1.845
"Hib",1,1.838,1.84
"PCV",12,1.838,1.841
"PCV",8,1.841,1.844
"Hib",1,1.842,1.844
"Hib",1,1.844,1.846
"PCV",7,1.844,1.847
"JE",10,1.845,1.852
"YF",4,1.845,1.853
"Hib",1,1.846,1.848
"PCV",8,1.847,1.85
"Hib",3,1.848,1.85
"Hib",3,1.85,1.852
"PCV",15,1.85,1.854
"HepB",1,1.852,1.854
"JE",5,1.852,1.86
"YF",2,1.853,1.86
"HepB",2,1.854,1.856
"Hib",1,1.854,1.856
"PCV",9,1.854,1.857
"PCV",8,1.857,1.86
"HepB",2,1.86,1.862
"Hib",2,1.86,1.862
"JE",5,1.86,1.867
"PCV",8,1.86,1.863
"YF",1,1.86,1.868
"Hib",1,1.862,1.864
"PCV",10,1.863,1.866
"HepB",2,1.864,1.866
"Hib",3,1.864,1.866
"Hib",3,1.866,1.868
"PCV",10,1.866,1.869
"JE",6,1.867,1.874
"HepB",1,1.868,1.87
"Hib",6,1.868,1.87
"YF",3,1.868,1.876
"PCV",7,1.869,1.873
"Hib",6,1.87,1.872
"HepB",1,1.872,1.873
"Hib",1,1.872,1.874
"PCV",5,1.873,1.876
"Hib",3,1.874,1.876
"JE",8,1.874,1.882
"HepB",1,1.875,1.877
"Hib",3,1.876,1.878
"PCV",9,1.876,1.879
"YF",4,1.876,1.883
"HepB",1,1.877,1.879
"Hib",7,1.878,1.88
"HepB",1,1.879,1.881
"PCV",8,1.879,1.882
"Hib",2,1.88,1.882
"Hib",5,1.882,1.884
"JE",7,1.882,1.889
"PCV",11,1.882,1.885
"YF",3,1.883,1.891
"Hib",6,1.884,1.886
"PCV",5,1.885,1.889
"Hib",10,1.886,1.888
"HepB",4,1.887,1.889
"Hib",9,1.888,1.89
"HepB",1,1.889,1.891
"JE",6,1.889,1.897
"PCV",8,1.889,1.892
"Hib",6,1.89,1.892
"HepB",2,1.891,1.892
"Hib",4,1.892,1.894
"PCV",4,1.892,1.895
"HepB",2,1.894,1.896
"Hib",7,1.894,1.896
"PCV",8,1.895,1.898
"HepB",1,1.896,1.898
"Hib",5,1.896,1.898
"HepB",1,1.898,1.9
"Hib",10,1.898,1.9
"PCV",8,1.898,1.901
"Hib",11,1.9,1.902
"PCV",8,1.901,1.904
"HepB",1,1.902,1.904
"Hib",9,1.902,1.904
"HepB",2,1.904,1.906
"Hib",9,1.904,1.906
"JE",6,1.904,1.911
"PCV",5,1.904,1.908
"HepB",4,1.906,1.908
"Hib",9,1.906,1.908
"YF",1,1.907,1.914
"HepB",3,1.908,1.91
"Hib",6,1.908,1.91
"PCV",6,1.908,1.911
"HepB",1,1.91,1.912
"Hib",10,1.91,1.912
"JE",6,1.911,1.919
"PCV",5,1.911,1.914
"HepB",1,1.912,1.913
"Hib",8,1.912,1.914
"Hib",6,1.914,1.916
"PCV",11,1.914,1.917
"YF",1,1.914,1.922
"HepB",5,1.915,1.917
"Hib",9,1.916,1.918
"HepB",2,1.917,1.919
"PCV",4,1.917,1.92
"Hib",11,1.918,1.92
"JE",6,1.919,1.926
"Hib",8,1.92,1.922
"PCV",9,1.92,1.923
"HepB",3,1.921,1.923
"Hib",11,1.922,1.924
"YF",1,1.922,1.93
"HepB",1,1.923,1.925
"PCV",4,1.923,1.927
"Hib",9,1.924,1.926
"HepB",5,1.925,1.927
"Hib",7,1.926,1.928
"JE",6,1.926,1.933
"HepB",4,1.927,1.929
"PCV",6,1.927,1.93
"Hib",13,1.928,1.93
"HepB",3,1.929,1.931
"Hib",9,1.93,1.932
"PCV",4,1.93,1.933
"HepB",3,1.931,1.932
"HepB",6,1.932,1.934
"Hib",8,1.932,1.934
"JE",10,1.933,1.941
"PCV",7,1.933,1.936
"HepB",3,1.934,1.936
"Hib",6,1.934,1.936
"HepB",13,1.936,1.938
"Hib",10,1.936,1.938
"PCV",3,1.936,1.939
"HepB",10,1.938,1.94
"Hib",8,1.938,1.94
"PCV",3,1.939,1.943
"HepB",3,1.94,1.942
"Hib",8,1.94,1.942
"JE",8,1.941,1.948
"HepB",5,1.942,1.944
"Hib",9,1.942,1.944
"PCV",2,1.943,1.946
"HepB",7,1.944,1.946
"Hib",9,1.944,1.946
"HepB",9,1.946,1.948
"Hib",6,1.946,1.948
"PCV",2,1.946,1.949
"HepB",8,1.948,1.95
"Hib",7,1.948,1.95
"JE",4,1.948,1.956
"PCV",6,1.949,1.952
"HepB",10,1.95,1.952
"Hib",6,1.95,1.952
"HepB",8,1.952,1.953
"Hib",13,1.952,1.954
"PCV",2,1.952,1.955
"HepB",5,1.953,1.955
"Hib",12,1.954,1.956
"HepB",14,1.955,1.957
"PCV",3,1.955,1.958
"Hib",12,1.956,1.958
"JE",7,1.956,1.963
"HepB",11,1.957,1.959
"Hib",11,1.958,1.96
"PCV",4,1.958,1.962
"HepB",8,1.959,1.961
"Hib",5,1.96,1.962
"HepB",4,1.961,1.963
"Hib",9,1.962,1.964
"PCV",3,1.962,1.965
"HepB",6,1.963,1.965
"JE",3,1.963,1.97
"Hib",11,1.964,1.966
"HepB",8,1.965,1.967
"PCV",4,1.965,1.968
"Hib",8,1.966,1.968
"HepB",13,1.967,1.969
"Hib",10,1.968,1.97
"PCV",4,1.968,1.971
"HepB",9,1.969,1.971
"Hib",8,1.97,1.972
"JE",5,1.97,1.978
"HepB",11,1.971,1.972
"PCV",1,1.971,1.974
"HepB",13,1.972,1.974
"Hib",9,1.972,1.974
"HepB",11,1.974,1.976
"Hib",10,1.974,1.976
"PCV",2,1.974,1.978
"HepB",4,1.976,1.978
"Hib",10,1.976,1.978
"HepB",11,1.978,1.98
"Hib",8,1.978,1.98
"JE",10,1.978,1.985
"PCV",3,1.978,1.981
"HepB",10,1.98,1.982
"Hib",8,1.98,1.982
"PCV",3,1.981,1.984
"HepB",14,1.982,1.984
"Hib",15,1.982,1.984
"HepB",11,1.984,1.986
"Hib",7,1.984,1.986
"PCV",5,1.984,1.987
"YF",1,1.984,1.992
"JE",10,1.985,1.993
"HepB",10,1.986,1.988
"Hib",6,1.986,1.988
"PCV",6,1.987,1.99
"HepB",13,1.988,1.99
"Hib",8,1.988,1.99
"HepB",13,1.99,1.992
"Hib",8,1.99,1.992
"PCV",2,1.99,1.993
"HepB",14,1.992,1.993
"Hib",10,1.992,1.994
"HepB",6,1.993,1.995
"JE",7,1.993,2
"PCV",3,1.993,1.997
"Hib",11,1.994,1.996
"HepB",11,1.995,1.997
"Hib",12,1.996,1.998
"HepB",8,1.997,1.999
"PCV",5,1.997,2
"Hib",6,1.998,2
"HepB",12,1.999,2.001
"Hib",9,2,2.002
"JE",7,2,2.007
"PCV",6,2,2.003
"YF",1,2,2.009
"HepB",6,2.001,2.003
"Hib",11,2.002,2.003
"HepB",13,2.003,2.005
"Hib",14,2.003,2.005
"PCV",1,2.003,2.006
"HepB",16,2.005,2.007
"Hib",8,2.005,2.007
"HepB",14,2.007,2.009
"Hib",11,2.007,2.009
"JE",7,2.007,2.015
"HepB",11,2.009,2.011
"Hib",12,2.009,2.011
"PCV",2,2.009,2.012
"HepB",8,2.011,2.013
"Hib",4,2.011,2.013
"PCV",3,2.012,2.016
"HepB",7,2.013,2.014
"Hib",11,2.013,2.015
"HepB",7,2.014,2.016
"Hib",6,2.015,2.017
"JE",12,2.015,2.022
"HepB",11,2.016,2.018
"PCV",1,2.016,2.019
"Hib",8,2.017,2.019
"HepB",11,2.018,2.02
"Hib",6,2.019,2.021
"HepB",6,2.02,2.022
"Hib",7,2.021,2.023
"HepB",12,2.022,2.024
"JE",9,2.022,2.03
"PCV",1,2.022,2.025
"Hib",9,2.023,2.025
"HepB",9,2.024,2.026
"Hib",11,2.025,2.027
"PCV",1,2.025,2.028
"HepB",9,2.026,2.028
"Hib",9,2.027,2.029
"HepB",13,2.028,2.03
"PCV",2,2.028,2.032
"Hib",13,2.029,2.031
"HepB",8,2.03,2.032
"JE",9,2.03,2.037
"Hib",8,2.031,2.033
"HepB",4,2.032,2.033
"HepB",9,2.033,2.035
"Hib",7,2.033,2.035
"HepB",8,2.035,2.037
"Hib",6,2.035,2.037
"PCV",1,2.035,2.038
"HepB",5,2.037,2.039
"Hib",6,2.037,2.039
"JE",4,2.037,2.044
"PCV",2,2.038,2.041
"HepB",4,2.039,2.041
"Hib",8,2.039,2.041
"HepB",7,2.041,2.043
"Hib",11,2.041,2.043
"HepB",6,2.043,2.045
"Hib",9,2.043,2.045
"JE",3,2.044,2.052
"PCV",2,2.044,2.047
"HepB",8,2.045,2.047
"Hib",4,2.045,2.047
"HepB",15,2.047,2.049
"Hib",5,2.047,2.049
"PCV",1,2.047,2.051
"Hib",4,2.049,2.051
"HepB",5,2.051,2.053
"Hib",14,2.051,2.053
"JE",4,2.052,2.059
"HepB",6,2.053,2.054
"Hib",4,2.053,2.055
"HepB",1,2.054,2.056
"Hib",7,2.055,2.057
"HepB",2,2.056,2.058
"Hib",6,2.057,2.059
"HepB",8,2.058,2.06
"Hib",5,2.059,2.061
"JE",5,2.059,2.067
"HepB",4,2.06,2.062
"PCV",2,2.06,2.063
"Hib",6,2.061,2.063
"HepB",4,2.062,2.064
"Hib",6,2.063,2.065
"HepB",4,2.064,2.066
"Hib",6,2.065,2.067
"HepB",6,2.066,2.068
"Malaria",1,2.066,2.068
"PCV",1,2.066,2.07
"Hib",2,2.067,2.069
"JE",5,2.067,2.074
"HepB",5,2.068,2.07
"Hib",2,2.069,2.071
"HepB",6,2.07,2.072
"PCV",1,2.07,2.073
"Hib",8,2.071,2.073
"HepB",6,2.072,2.073
"HepB",5,2.073,2.075
"Hib",6,2.073,2.075
"PCV",2,2.073,2.076
"JE",4,2.074,2.081
"HepB",1,2.075,2.077
"Hib",2,2.075,2.077
"HepB",4,2.077,2.079
"Hib",8,2.077,2.079
"HepB",3,2.079,2.081
"Hib",2,2.079,2.081
"Malaria",2,2.079,2.081
"HepB",4,2.081,2.083
"Hib",2,2.081,2.083
"JE",2,2.081,2.089
"PCV",2,2.082,2.086
"HepB",8,2.083,2.085
"Hib",7,2.083,2.085
"HepB",8,2.085,2.087
"Hib",5,2.085,2.087
"Malaria",2,2.085,2.087
"PCV",2,2.086,2.089
"HepB",8,2.087,2.089
"Hib",8,2.087,2.089
"HepB",6,2.089,2.091
"Hib",1,2.089,2.091
"JE",2,2.089,2.096
"PCV",1,2.089,2.092
"HepB",7,2.091,2.093
"Hib",7,2.091,2.093
"HepB",5,2.093,2.094
"Hib",3,2.093,2.095
"HepB",6,2.094,2.096
"Hib",8,2.095,2.097
"Malaria",1,2.095,2.096
"PCV",1,2.095,2.098
"HepB",12,2.096,2.098
"JE",1,2.096,2.103
"Hib",4,2.097,2.099
"HepB",8,2.098,2.1
"Hib",2,2.099,2.101
"Malaria",1,2.099,2.101
"HepB",4,2.1,2.102
"Hib",2,2.101,2.103
"PCV",1,2.101,2.105
"HepB",4,2.102,2.104
"Hib",4,2.103,2.105
"JE",3,2.103,2.111
"HepB",13,2.104,2.106
"Malaria",1,2.104,2.105
"Hib",4,2.105,2.107
"Malaria",1,2.105,2.107
"HepB",4,2.106,2.108
"Hib",5,2.107,2.109
"Malaria",1,2.107,2.108
"HepB",6,2.108,2.11
"Hib",4,2.109,2.111
"HepB",5,2.11,2.112
"Hib",2,2.111,2.113
"JE",1,2.111,2.118
"HepB",6,2.112,2.113
"HepB",7,2.113,2.115
"Hib",5,2.113,2.115
"Malaria",1,2.113,2.115
"HepB",6,2.115,2.117
"Hib",4,2.115,2.117
"Malaria",1,2.115,2.116
"HepB",9,2.117,2.119
"Hib",4,2.117,2.119
"HepB",7,2.119,2.121
"Hib",5,2.119,2.121
"Malaria",1,2.119,2.121
"HepB",6,2.121,2.123
"Hib",6,2.121,2.123
"Malaria",1,2.122,2.124
"HepB",4,2.123,2.125
"Hib",4,2.123,2.125
"PCV",1,2.124,2.127
"HepB",4,2.125,2.127
"Hib",2,2.125,2.127
"Malaria",1,2.125,2.127
"JE",3,2.126,2.135
"HepB",5,2.127,2.129
"Hib",1,2.127,2.129
"Malaria",1,2.127,2.128
"HepB",5,2.129,2.131
"HepB",9,2.131,2.133
"Hib",3,2.131,2.133
"HepB",5,2.133,2.134
"Hib",2,2.133,2.135
"Malaria",1,2.133,2.135
"HepB",3,2.134,2.136
"Hib",4,2.135,2.137
"HepB",10,2.136,2.138
"Hib",2,2.137,2.139
"HepB",7,2.138,2.14
"Malaria",3,2.138,2.139
"Hib",2,2.139,2.141
"Malaria",1,2.139,2.141
"HepB",3,2.14,2.142
"HepB",7,2.142,2.144
"Malaria",2,2.142,2.144
"HepB",7,2.144,2.146
"Malaria",1,2.144,2.145
"Hib",3,2.145,2.147
"HepB",7,2.146,2.148
"Hib",3,2.147,2.149
"Malaria",3,2.147,2.148
"HepB",6,2.148,2.15
"Malaria",1,2.148,2.15
"Hib",3,2.149,2.151
"HepB",8,2.15,2.152
"Malaria",2,2.15,2.152
"Hib",1,2.151,2.153
"HepB",5,2.152,2.154
"Hib",7,2.153,2.155
"Malaria",1,2.153,2.155
"HepB",2,2.154,2.155
"HepB",2,2.155,2.157
"Hib",1,2.155,2.157
"Malaria",1,2.156,2.158
"HepB",9,2.157,2.159
"Hib",1,2.157,2.159
"Malaria",1,2.158,2.159
"HepB",8,2.159,2.161
"Malaria",1,2.159,2.161
"HepB",4,2.161,2.163
"Hib",1,2.161,2.163
"Malaria",4,2.161,2.162
"Malaria",2,2.162,2.164
"HepB",2,2.163,2.165
"Malaria",4,2.164,2.165
"HepB",2,2.165,2.167
"Hib",1,2.165,2.167
"Malaria",5,2.165,2.167
"HepB",5,2.167,2.169
"Malaria",3,2.167,2.169
"HepB",1,2.169,2.171
"Malaria",5,2.169,2.17
"Malaria",5,2.17,2.172
"Hib",1,2.171,2.173
"Malaria",1,2.172,2.173
"HepB",1,2.173,2.174
"Hib",1,2.173,2.175
"Malaria",4,2.173,2.175
"HepB",3,2.174,2.176
"Malaria",4,2.175,2.176
"HepB",1,2.176,2.178
"HepB",5,2.178,2.18
"Malaria",5,2.178,2.179
"Malaria",6,2.179,2.181
"HepB",1,2.18,2.182
"Malaria",2,2.181,2.182
"HepB",1,2.182,2.184
"Malaria",12,2.182,2.184
"HepB",2,2.184,2.186
"Malaria",7,2.184,2.185
"Malaria",7,2.185,2.187
"HepB",5,2.186,2.188
"Hib",1,2.186,2.188
"Malaria",7,2.187,2.189
"HepB",2,2.188,2.19
"Malaria",2,2.189,2.19
"HepB",2,2.19,2.192
"Malaria",9,2.19,2.192
"HepB",1,2.192,2.194
"Malaria",8,2.192,2.193
"Malaria",11,2.193,2.195
"Hib",1,2.194,2.196
"HepB",1,2.195,2.197
"Malaria",12,2.195,2.196
"Malaria",7,2.196,2.198
"Malaria",9,2.198,2.199
"HepB",3,2.199,2.201
"Malaria",7,2.199,2.201
"Malaria",10,2.201,2.202
"Malaria",10,2.202,2.204
"Malaria",7,2.204,2.206
"Hib",1,2.206,2.209
"Malaria",14,2.206,2.207
"HepB",1,2.207,2.209
"Malaria",11,2.207,2.209
"Malaria",7,2.209,2.21
"Malaria",13,2.21,2.212
"Malaria",10,2.212,2.213
"Malaria",16,2.213,2.215
"Malaria",13,2.215,2.216
"Malaria",12,2.216,2.218
"HepB",1,2.218,2.22
"Malaria",10,2.218,2.219
"Malaria",10,2.219,2.221
"Malaria",16,2.221,2.222
"Malaria",8,2.222,2.224
"Malaria",13,2.224,2.226
"Malaria",16,2.226,2.227
"Malaria",21,2.227,2.229
"Malaria",21,2.229,2.23
"Malaria",9,2.23,2.232
"HepB",1,2.232,2.234
"Malaria",11,2.232,2.233
"Malaria",18,2.233,2.235
"Malaria",13,2.235,2.236
"Malaria",20,2.236,2.238
"Malaria",25,2.238,2.239
"Malaria",23,2.239,2.241
"Malaria",14,2.241,2.243
"Malaria",11,2.243,2.244
"Malaria",18,2.244,2.246
"Malaria",11,2.246,2.247
"Malaria",9,2.247,2.249
"Malaria",17,2.249,2.25
"Malaria",11,2.25,2.252
"Malaria",19,2.252,2.253
"Malaria",13,2.253,2.255
"Malaria",16,2.255,2.256
"Malaria",11,2.256,2.258
"Malaria",21,2.258,2.259
"Malaria",13,2.259,2.261
"Malaria",14,2.261,2.263
"Malaria",10,2.263,2.264
"Malaria",9,2.264,2.266
"Malaria",9,2.266,2.267
"Malaria",15,2.267,2.269
"Malaria",16,2.269,2.27
"Malaria",6,2.27,2.272
"Malaria",5,2.272,2.273
"Malaria",13,2.273,2.275
"Malaria",8,2.275,2.276
"Malaria",6,2.276,2.278
"Malaria",12,2.278,2.279
"Malaria",8,2.279,2.281
"Malaria",11,2.281,2.283
"Malaria",5,2.283,2.284
"Malaria",7,2.284,2.286
"Malaria",8,2.286,2.287
"Malaria",9,2.287,2.289
"Malaria",10,2.289,2.29
"Malaria",6,2.29,2.292
"Malaria",4,2.292,2.293
"Malaria",3,2.293,2.295
"Malaria",5,2.295,2.296
"Malaria",3,2.296,2.298
"Malaria",4,2.298,2.3
"Malaria",10,2.3,2.301
"Malaria",3,2.301,2.303
"Malaria",3,2.303,2.304
"Malaria",3,2.304,2.306
"Malaria",3,2.306,2.307
"Malaria",3,2.307,2.309
"Malaria",4,2.309,2.31
"Malaria",4,2.31,2.312
"Malaria",2,2.312,2.313
"Malaria",2,2.313,2.315
"Malaria",3,2.315,2.316
"Malaria",2,2.316,2.318
"Malaria",1,2.318,2.32
"Malaria",5,2.32,2.321
"Malaria",2,2.321,2.323
"Malaria",4,2.323,2.324
"Malaria",1,2.324,2.326
"Malaria",2,2.326,2.327
"Malaria",2,2.327,2.329
"Malaria",2,2.329,2.33
"Malaria",1,2.332,2.333
"Malaria",1,2.335,2.337
"Malaria",2,2.337,2.338
"Malaria",1,2.338,2.34
"Malaria",1,2.35,2.352
"Malaria",1,2.353,2.355
"Malaria",1,2.363,2.364
"Malaria",1,2.37,2.372
"Malaria",1,2.374,2.375
"HPV",2,2.385,2.387
"HPV",1,2.387,2.389
"HPV",1,2.393,2.395
"HPV",3,2.395,2.397
"Measles",1,2.4,2.402
"HPV",4,2.401,2.403
"Measles",1,2.402,2.403
"HPV",1,2.405,2.407
"Measles",1,2.405,2.407
"HPV",5,2.407,2.409
"Measles",1,2.407,2.408
"Measles",1,2.409,2.41
"Measles",1,2.41,2.412
"HPV",1,2.411,2.413
"Measles",3,2.414,2.415
"HPV",3,2.415,2.417
"HPV",2,2.417,2.419
"Measles",1,2.418,2.419
"HPV",1,2.419,2.421
"Measles",1,2.419,2.42
"Measles",2,2.42,2.421
"HPV",2,2.421,2.423
"Measles",1,2.421,2.423
"HPV",1,2.423,2.425
"Measles",6,2.425,2.426
"HPV",4,2.427,2.429
"Measles",1,2.428,2.429
"HPV",5,2.429,2.431
"Measles",1,2.43,2.431
"HPV",3,2.431,2.433
"Measles",3,2.431,2.433
"HPV",6,2.433,2.435
"Measles",2,2.433,2.434
"Measles",4,2.434,2.435
"HPV",3,2.435,2.437
"Measles",3,2.435,2.436
"Measles",2,2.436,2.438
"Measles",3,2.438,2.439
"Measles",3,2.439,2.44
"HPV",2,2.44,2.442
"Measles",2,2.44,2.441
"Measles",5,2.441,2.443
"Measles",4,2.443,2.444
"Measles",3,2.444,2.445
"Measles",6,2.445,2.446
"HPV",4,2.446,2.448
"Measles",5,2.446,2.448
"Measles",6,2.448,2.449
"Measles",3,2.449,2.45
"HPV",4,2.45,2.452
"Measles",6,2.45,2.451
"Measles",10,2.451,2.452
"HPV",3,2.452,2.454
"Measles",7,2.452,2.454
"HPV",5,2.454,2.456
"Measles",8,2.454,2.455
"Measles",7,2.455,2.456
"HPV",5,2.456,2.458
"Measles",7,2.456,2.457
"Measles",8,2.457,2.459
"HPV",7,2.458,2.46
"Measles",7,2.459,2.46
"HPV",8,2.46,2.462
"Measles",9,2.46,2.461
"Measles",9,2.461,2.462
"HPV",6,2.462,2.464
"Measles",4,2.462,2.464
"HPV",6,2.464,2.466
"Measles",9,2.464,2.465
"Measles",9,2.465,2.466
"HPV",7,2.466,2.468
"Measles",8,2.466,2.467
"Measles",3,2.467,2.469
"HPV",8,2.468,2.47
"Measles",5,2.469,2.47
"HPV",3,2.47,2.472
"Measles",3,2.47,2.471
"Measles",7,2.471,2.472
"HPV",9,2.472,2.474
"Measles",7,2.472,2.474
"HPV",8,2.474,2.476
"Measles",4,2.474,2.475
"Measles",3,2.475,2.476
"HPV",7,2.476,2.478
"Measles",5,2.476,2.477
"Measles",9,2.477,2.478
"HPV",8,2.478,2.48
"Measles",5,2.478,2.48
"HPV",8,2.48,2.482
"Measles",7,2.48,2.481
"Measles",3,2.481,2.482
"HPV",6,2.482,2.484
"Measles",9,2.482,2.483
"Measles",8,2.483,2.485
"HPV",10,2.484,2.486
"Measles",15,2.485,2.486
"HPV",7,2.486,2.488
"Measles",10,2.486,2.487
"Measles",6,2.487,2.488
"HPV",4,2.488,2.49
"Measles",7,2.488,2.49
"HPV",11,2.49,2.492
"Measles",7,2.49,2.491
"Measles",9,2.491,2.492
"HPV",6,2.492,2.494
"Measles",6,2.492,2.493
"Measles",6,2.493,2.495
"HPV",8,2.494,2.496
"Measles",10,2.495,2.496
"HPV",8,2.496,2.498
"Measles",7,2.496,2.497
"Measles",11,2.497,2.498
"HPV",8,2.498,2.5
"Measles",7,2.498,2.5
"HPV",9,2.5,2.502
"Measles",9,2.5,2.501
"Measles",6,2.501,2.502
"HPV",6,2.502,2.504
"Measles",4,2.502,2.503
"Measles",9,2.503,2.504
"HPV",3,2.504,2.506
"Measles",6,2.504,2.506
"HPV",8,2.506,2.508
"Measles",9,2.506,2.507
"Measles",6,2.507,2.508
"HPV",6,2.508,2.51
"Measles",4,2.508,2.509
"Measles",8,2.509,2.511
"HPV",11,2.51,2.512
"Measles",10,2.511,2.512
"HPV",16,2.512,2.514
"Measles",10,2.512,2.513
"Measles",9,2.513,2.514
"HPV",10,2.514,2.516
"Measles",6,2.514,2.516
"HPV",9,2.516,2.518
"Measles",9,2.516,2.517
"Measles",7,2.517,2.518
"HPV",11,2.518,2.52
"Measles",8,2.518,2.519
"Measles",11,2.519,2.521
"HPV",11,2.52,2.522
"Measles",10,2.521,2.522
"HPV",11,2.522,2.524
"Measles",8,2.522,2.523
"Measles",10,2.523,2.524
"HPV",8,2.524,2.526
"Measles",10,2.524,2.526
"HPV",7,2.526,2.528
"Measles",10,2.526,2.527
"Measles",9,2.527,2.528
"HPV",5,2.528,2.53
"Measles",10,2.528,2.529
"Measles",11,2.529,2.531
"HPV",13,2.53,2.532
"Measles",5,2.531,2.532
"HPV",7,2.532,2.534
"Measles",5,2.532,2.533
"Measles",5,2.533,2.534
"HPV",12,2.534,2.536
"Measles",9,2.534,2.535
"Measles",9,2.535,2.537
"HPV",7,2.536,2.538
"Measles",7,2.537,2.538
"HPV",5,2.538,2.54
"Measles",8,2.538,2.539
"Measles",9,2.539,2.54
"HPV",5,2.54,2.542
"Measles",8,2.54,2.542
"HPV",9,2.542,2.544
"Measles",16,2.542,2.543
"Measles",10,2.543,2.544
"HPV",12,2.544,2.546
"Measles",6,2.544,2.545
"Measles",8,2.545,2.547
"HPV",8,2.546,2.548
"Measles",6,2.547,2.548
"HPV",13,2.548,2.55
"Measles",12,2.548,2.549
"Measles",12,2.549,2.55
"HPV",13,2.55,2.552
"Measles",8,2.55,2.552
"HPV",13,2.552,2.554
"Measles",7,2.552,2.553
"Measles",7,2.553,2.554
"HPV",8,2.554,2.556
"Measles",12,2.554,2.555
"Measles",8,2.555,2.557
"HPV",8,2.556,2.558
"Measles",7,2.557,2.558
"HPV",6,2.558,2.56
"Measles",9,2.558,2.559
"Measles",6,2.559,2.56
"HPV",11,2.56,2.562
"Measles",3,2.56,2.561
"Measles",7,2.561,2.563
"HPV",7,2.562,2.564
"Measles",9,2.563,2.564
"HPV",14,2.564,2.566
"Measles",6,2.564,2.565
"Measles",9,2.565,2.566
"HPV",9,2.566,2.568
"Measles",2,2.566,2.568
"HPV",11,2.568,2.57
"Measles",8,2.568,2.569
"Measles",8,2.569,2.57
"HPV",11,2.57,2.572
"Measles",9,2.57,2.571
"Measles",12,2.571,2.573
"HPV",14,2.572,2.574
"Measles",3,2.573,2.574
"HPV",11,2.574,2.576
"Measles",5,2.574,2.575
"Measles",7,2.575,2.576
"HPV",5,2.576,2.578
"Measles",8,2.576,2.578
"HPV",7,2.578,2.58
"Measles",5,2.578,2.579
"Measles",5,2.579,2.58
"HPV",9,2.58,2.582
"Measles",6,2.58,2.581
"Measles",8,2.581,2.583
"HPV",13,2.582,2.584
"Measles",7,2.583,2.584
"HPV",8,2.584,2.586
"Measles",6,2.584,2.585
"Measles",6,2.585,2.586
"HPV",10,2.586,2.588
"Measles",4,2.586,2.588
"HPV",4,2.588,2.59
"Measles",5,2.588,2.589
"Measles",5,2.589,2.59
"HPV",9,2.59,2.592
"Measles",4,2.59,2.591
"Measles",3,2.591,2.592
"HPV",10,2.592,2.594
"Measles",3,2.592,2.594
"HPV",10,2.594,2.596
"Measles",4,2.594,2.595
"HPV",5,2.596,2.598
"Measles",4,2.596,2.597
"Measles",2,2.597,2.599
"HPV",9,2.598,2.6
"Measles",2,2.599,2.6
"HPV",5,2.6,2.602
"Measles",1,2.6,2.601
"Measles",6,2.601,2.602
"HPV",6,2.602,2.604
"HPV",7,2.604,2.606
"Measles",1,2.604,2.605
"Measles",5,2.605,2.606
"HPV",15,2.606,2.608
"Measles",3,2.606,2.607
"Measles",2,2.607,2.609
"HPV",9,2.608,2.61
"Measles",1,2.609,2.61
"HPV",8,2.61,2.612
"Measles",3,2.61,2.611
"Measles",1,2.611,2.612
"HPV",9,2.612,2.614
"Measles",4,2.612,2.614
"HPV",7,2.614,2.616
"Measles",1,2.614,2.615
"Measles",2,2.615,2.616
"HPV",10,2.616,2.618
"Measles",1,2.616,2.617
"Measles",4,2.617,2.618
"HPV",8,2.618,2.62
"HPV",10,2.62,2.622
"Measles",1,2.62,2.621
"Measles",1,2.621,2.622
"HPV",6,2.622,2.624
"Measles",3,2.622,2.623
"Measles",1,2.623,2.625
"HPV",8,2.624,2.626
"HPV",9,2.626,2.628
"Measles",2,2.626,2.627
"Measles",3,2.627,2.628
"HPV",5,2.628,2.63
"HPV",10,2.63,2.632
"Measles",1,2.63,2.631
"Measles",1,2.631,2.632
"HPV",10,2.632,2.634
"Measles",2,2.632,2.633
"Measles",1,2.633,2.635
"HPV",8,2.634,2.636
"HPV",4,2.636,2.638
"Measles",1,2.636,2.637
"HPV",9,2.638,2.64
"HPV",6,2.64,2.642
"HPV",8,2.642,2.644
"Measles",1,2.643,2.645
"HPV",7,2.644,2.646
"HPV",3,2.646,2.648
"Measles",1,2.647,2.648
"HPV",5,2.648,2.65
"HPV",5,2.65,2.652
"HPV",7,2.652,2.654
"HPV",6,2.654,2.656
"HPV",3,2.656,2.658
"HPV",1,2.658,2.66
"HPV",5,2.66,2.662
"HPV",5,2.662,2.664
"HPV",2,2.664,2.666
"HPV",2,2.666,2.668
"HPV",9,2.668,2.67
"HPV",8,2.67,2.672
"HPV",7,2.674,2.676
"HPV",7,2.676,2.678
"HPV",1,2.678,2.68
"HPV",1,2.68,2.682
"HPV",5,2.682,2.684
"HPV",3,2.684,2.686
"HPV",1,2.686,2.688
"HPV",5,2.688,2.69
"HPV",3,2.69,2.692
"HPV",2,2.692,2.694
"HPV",2,2.694,2.696
"HPV",3,2.696,2.698
"HPV",4,2.698,2.7
"HPV",5,2.7,2.702
"HPV",2,2.704,2.706
"HPV",1,2.708,2.71
"HPV",2,2.71,2.713
"HPV",1,2.713,2.715
"HPV",2,2.715,2.717
"HPV",2,2.717,2.719
"HPV",1,2.719,2.721
"HPV",1,2.721,2.723
"HPV",2,2.723,2.725
"HPV",1,2.729,2.731
"HPV",1,2.731,2.733
"HPV",1,2.733,2.735
"HPV",2,2.737,2.739
"HPV",1,2.741,2.743
"HPV",2,2.745,2.747
"HPV",1,2.753,2.755
"HPV",1,2.783,2.785
"HPV",1,2.785,2.787
